"Note","Course","Module","Clip","Time in Clip","URL"
"jcoop.io/angular-practice-exercises/\n","Angular Fundamentals","Getting Started with Angular","Practice Exercises","0:49","https://app.pluralsight.com/player?course=angular-fundamentals&author=jim-cooper&name=angular-fundamentals-m1&clip=1&mode=live&start=49.083345&noteid=af37d9e3-cf61-4b58-8a29-c1633a974536"
"TypeScript Featured\n1.Static Typing\n2.Interfaces\n3.Class Properties\n4.Public/Private accessibility","Angular Fundamentals","Getting Started with Angular","Introduction to TypeScript","2:02","https://app.pluralsight.com/player?course=angular-fundamentals&author=jim-cooper&name=angular-fundamentals-m1&clip=2&mode=live&start=122.40898&noteid=3fb465ee-6417-4029-9256-5f01abfa07b4"
"Static Typing\nIt allows us to specify data types for variables, properties, and parameters, et cetera.\nIn JS we declare variables like this.\nlet name\nlet age\n\nAdding typing with TS is as simple as adding data types to the variables declaration like this.\neg let name:string\nlet age:number\n\n","Angular Fundamentals","Getting Started with Angular","Introduction to TypeScript","2:08","https://app.pluralsight.com/player?course=angular-fundamentals&author=jim-cooper&name=angular-fundamentals-m1&clip=2&mode=live&start=128.753414&noteid=2d5c2b71-4506-4e04-9543-b33c0698d533"
"Interfaces\nYou can delclare interfaces for entire objects, and that will enforce the shape of objects. So if we wanted to ensure that all cats has a string name property and numeric age property, we could create an interface like ths,\neg interface ICat{ name:string age:number\n}\nand then you could declare variables of this type like this. Give this declaration\n\nlet fluffy:ICat\n\nwe wll get compile time safety if we try to assign an object to fluffy that does not include these fields with these types. So lets take a look at some example\n\nfluffy={\nname:'Fluffy'\n}\n\ninterface ICat{ name:string\nage?:number\n}\nIf you want age property as optional \n","Angular Fundamentals","Getting Started with Angular","Introduction to TypeScript","2:36","https://app.pluralsight.com/player?course=angular-fundamentals&author=jim-cooper&name=angular-fundamentals-m1&clip=2&mode=live&start=156.678348&noteid=e7022d4e-4373-4bae-91fb-1adbc68575f4"
"block vs inline watch this video","HTML Fundamentals","HTML Text","Block vs. Inline Elements","0:37","https://app.pluralsight.com/player?course=html-fundamentals&author=matt-milner&name=html-fundamentals-m1-text&clip=3&mode=live&start=37.932403&noteid=6c810848-535d-4c2f-8e5b-8b212b28dc6b"
"<pre>- Preformatted text","HTML Fundamentals","HTML Text","Whitespace","1:03","https://app.pluralsight.com/player?course=html-fundamentals&author=matt-milner&name=html-fundamentals-m1-text&clip=5&mode=live&start=63.945825&noteid=535e0358-9357-42e4-9034-c88ffcb1e665"
"&lt;-Less than symbol <\n&gt;-Greater than symbol>","HTML Fundamentals","HTML Text","Demo: Whitespace","6:15","https://app.pluralsight.com/player?course=html-fundamentals&author=matt-milner&name=html-fundamentals-m1-text&clip=6&mode=live&start=375.467138&noteid=efa7e6f9-02cd-4fa8-b491-cfdf59351f58"
"&nbsp- no breaking space","HTML Fundamentals","HTML Text","Demo: Whitespace","6:31","https://app.pluralsight.com/player?course=html-fundamentals&author=matt-milner&name=html-fundamentals-m1-text&clip=6&mode=live&start=391.826268&noteid=a189c2bf-6918-4120-a86b-16ae59ebc3a2"
"<sup><sub>- Superscript and subscript\n<cite>- Cite work by another\n<abbr><acronym>- Abbreviation or acronym\n<em><strong>- Indicates emphasis(consider stylesheets)\n ","HTML Fundamentals","HTML Text","Additional Text Elements","1:33","https://app.pluralsight.com/player?course=html-fundamentals&author=matt-milner&name=html-fundamentals-m1-text&clip=7&mode=live&start=93.51252&noteid=22839289-8e26-4625-87d6-0c13233ec1d5"
"<code><samp>- Indicates code block or program output\n<kbd><var>- Keyboard input and code variables","HTML Fundamentals","HTML Text","Additional Text Elements","1:48","https://app.pluralsight.com/player?course=html-fundamentals&author=matt-milner&name=html-fundamentals-m1-text&clip=7&mode=live&start=108.971437&noteid=1a3891ea-902c-436c-a135-f34afa33f8de"
"<blockquote><q>-Block level or inline quotes","HTML Fundamentals","HTML Text","Additional Text Elements","2:59","https://app.pluralsight.com/player?course=html-fundamentals&author=matt-milner&name=html-fundamentals-m1-text&clip=7&mode=live&start=179.099168&noteid=4c4b7603-8c6f-4b20-81d3-6cb57f795ed7"
"HTML Lists\n-UnOrdered List (bullet)\n-Ordered List (numbers)\n-Defination List (term+Defination)","HTML Fundamentals","HTML Lists","List Types","0:11","https://app.pluralsight.com/player?course=html-fundamentals&author=matt-milner&name=html-fundamentals-m3-lists&clip=1&mode=live&start=11.615524&noteid=e94ac920-1ac6-427f-bcdb-c8afd2a40904"
"<dl>-Defination List\n<dt>-Defination term\n<dd>- Defination of Defination Term","HTML Fundamentals","HTML Lists","Demo: Creating Lists","5:01","https://app.pluralsight.com/player?course=html-fundamentals&author=matt-milner&name=html-fundamentals-m3-lists&clip=2&mode=live&start=301.561427&noteid=a020ba34-c5fe-4f1e-add6-0a33fd3bb10f"
"rowspan=2 -merge 2 rows\ncolspan -uses in footer to merge columns","HTML Fundamentals","HTML Tables","Spanning Columns and Rows","2:18","https://app.pluralsight.com/player?course=html-fundamentals&author=matt-milner&name=html-fundamentals-m4-tables&clip=4&mode=live&start=138.429485&noteid=2adeb4bf-a35d-4ff0-9567-5894d95d996a"